{"scope.version":"2","timeline.animationMode":"proMode","viewport.width":300,"viewport.height":600,"design.userpaddingleft":-300,"design.userpaddingtop":-600,"design.scrollleft":21.600000381469727,"design.scrolltop":726.4000244140625,"library.openDirectories":[],"library.GroupsPath":{},"library.downloadedAssets":{},"design.zoom":1,"tool.text.optionsState":{"fontName":"Times New Roman","fontSize":"16px","fontWeight":"normal","fontStyle":"normal","alignLeft":true,"alignCenter":false,"alignRight":false,"alignJustify":false,"verticalAlignCenter":false,"foreColor":"rgba(172,172,68,1)","tagName":"span","orderedList":false,"unorderedList":false}}